protein	gene	classification	composite_value
P0	ABCA3	Positive	0.1
P1	ABCC10	Positive	0.1
P2	AGA	Positive	0.1
P3	AKT1S1	Positive	0.1
P4	AP3B1	Positive	0.1
P5	AP3M1	Positive	0.1
P6	AP5B1	Positive	0.1
P7	AP5S1	Positive	0.1
P8	ARL8A	Positive	0.1
P9	ARL8B	Positive	0.1
P10	GENE1	Negative	0.1
P11	GENE2	Nonsignificant	0.1
P12	GENE3	Positive	0.1
P13	GENE4	Nonsignificant	0.1
P14	GENE5	Positive	0.1
P15	GENE6	Nonsignificant	0.1
P16	GENE7	Nonsignificant	0.1
P17	GENE8	Nonsignificant	0.1
P18	GENE9	Nonsignificant	0.1
P19	GENE10	Negative	0.1
P20	GENE11	Positive	0.1
P21	GENE12	Nonsignificant	0.1
P22	GENE13	Positive	0.1
P23	GENE14	Nonsignificant	0.1
P24	GENE15	Nonsignificant	0.1
P25	GENE16	Nonsignificant	0.1
P26	GENE17	Positive	0.1
P27	GENE18	Nonsignificant	0.1
P28	GENE19	Nonsignificant	0.1
P29	GENE20	Negative	0.1
